Linear,NN
0.6945674419403076, 655.5466453633453972
0.0001339006666,0.00002205788092
0.002734132948,0.004696581834
0.9736522327,0.9001695344